profile,source,target_name,kernel,scale,preprocessing,cost,gamma,epsilon,feature_inputs,notes
convnext_initial,svm.R,Dry_Clover_g,radial,TRUE,global_scaled_pca_50,520,0.0144,0.00134,cnn_train.csv,Pre-existing idx holdout; no negative clipping.
convnext_initial,svm.R,Dry_Green_g,radial,TRUE,global_scaled_pca_50,997,0.000283,0.00177,cnn_train.csv,Pre-existing idx holdout; no negative clipping.
convnext_initial,svm.R,Dry_Dead_g,radial,TRUE,global_scaled_pca_50,2.41,0.0185,0.12,cnn_train.csv,Pre-existing idx holdout; no negative clipping.
convnext_high_resolution,svm_new_param.R,Dry_Clover_g,radial,TRUE,global_scaled_pca_50,7.22,0.00693,0.00483,cnn_train_xhighres.csv,Advanced cache is read but unused; pre-existing idx holdout; no clipping.
convnext_high_resolution,svm_new_param.R,Dry_Green_g,radial,TRUE,global_scaled_pca_50,2.74,0.00697,0.00111,cnn_train_xhighres.csv,Advanced cache is read but unused; pre-existing idx holdout; no clipping.
convnext_high_resolution,svm_new_param.R,Dry_Dead_g,radial,TRUE,global_scaled_pca_50,1.96,0.0218,0.0733,cnn_train_xhighres.csv,Advanced cache is read but unused; pre-existing idx holdout; no clipping.
convnext_combined_raw,svm_new_param_all.R,Dry_Clover_g,radial,TRUE,none,45.4,8.42e-06,0.00106,cnn_train_superadv_xhighres.csv;cnn_train_xhighres.csv,Concatenates advanced and ordinary features without PCA; no clipping.
convnext_combined_raw,svm_new_param_all.R,Dry_Green_g,radial,TRUE,none,21.9,2.07e-05,0.00139,cnn_train_superadv_xhighres.csv;cnn_train_xhighres.csv,Concatenates advanced and ordinary features without PCA; no clipping.
convnext_combined_raw,svm_new_param_all.R,Dry_Dead_g,radial,TRUE,none,15.3,9.63e-05,0.00166,cnn_train_superadv_xhighres.csv;cnn_train_xhighres.csv,Concatenates advanced and ordinary features without PCA; no clipping.
convnext_grouped_parameters,svm_new_param_sv.R,Dry_Clover_g,radial,TRUE,global_scaled_pca_50,10^2.2669320,10^-3.1947281,10^-1.624728555,cnn_train_xhighres.csv,Four pre-existing tuned resampling indices; clips components.
convnext_grouped_parameters,svm_new_param_sv.R,Dry_Green_g,radial,TRUE,global_scaled_pca_50,10^2.6241858,10^-3.4684850,10^-0.890961632,cnn_train_xhighres.csv,Four pre-existing tuned resampling indices; clips components.
convnext_grouped_parameters,svm_new_param_sv.R,Dry_Dead_g,radial,TRUE,global_scaled_pca_50,10^0.7462366,10^-1.86777320,10^-0.72117452,cnn_train_xhighres.csv,Four pre-existing tuned resampling indices; clips components.
dinov2_giant_advanced,svm_new_param_sv_correct-split.R,Dry_Clover_g,radial,TRUE,global_scaled_pca_50,10^3.0055243,10^-3.6351474,10^-2.415722e+00,dinov2-giant_train_split8-adv2.npy,Active PCA is global; fold-local alternative is commented; clips components.
dinov2_giant_advanced,svm_new_param_sv_correct-split.R,Dry_Green_g,radial,TRUE,global_scaled_pca_50,10^2.129183135,10^-3.23883311,10^-2.999913551,dinov2-giant_train_split8-adv2.npy,Active PCA is global; fold-local alternative is commented; clips components.
dinov2_giant_advanced,svm_new_param_sv_correct-split.R,Dry_Dead_g,radial,TRUE,global_scaled_pca_50,10^0.8902861,10^-1.8498431,10^-2.796425884,dinov2-giant_train_split8-adv2.npy,Active PCA is global; fold-local alternative is commented; clips components.
dinov2_giant_alternative_parameters,svm_new_param_sv_correct-split2.R,Dry_Clover_g,radial,TRUE,global_scaled_pca_50,10^0.9360992,10^-2.7325392,10^-2.8601292043,dinov2-giant_train_split8-adv2.npy,Different component parameters; active PCA global; clips components.
dinov2_giant_alternative_parameters,svm_new_param_sv_correct-split2.R,Dry_Green_g,radial,TRUE,global_scaled_pca_50,10^3.6615372,10^-4.8992551,10^-0.928832621,dinov2-giant_train_split8-adv2.npy,Different component parameters; active PCA global; clips components.
dinov2_giant_alternative_parameters,svm_new_param_sv_correct-split2.R,Dry_Dead_g,radial,TRUE,global_scaled_pca_50,10^2.4633994,10^-4.3616413,10^-2.8553927868,dinov2-giant_train_split8-adv2.npy,Different component parameters; active PCA global; clips components.
convnext_linear_first2048,svm_new_param_sv_linear.R,Dry_Clover_g,linear,TRUE,global_scaled_pca_50_first2048,10^0.32846820,,10^-0.5618368001,cnn_train_xhighres.csv,Pre-existing idx holdout and PCA on first2048 features; clips components.
convnext_linear_first2048,svm_new_param_sv_linear.R,Dry_Green_g,linear,TRUE,global_scaled_pca_50_first2048,10^-0.43731582,,10^-5.495965e-01,cnn_train_xhighres.csv,Pre-existing idx holdout and PCA on first2048 features; clips components.
convnext_linear_first2048,svm_new_param_sv_linear.R,Dry_Dead_g,linear,TRUE,global_scaled_pca_50_first2048,10^-0.50727900,,10^-4.817412e-01,cnn_train_xhighres.csv,Pre-existing idx holdout and PCA on first2048 features; clips components.
random_holdout_linear_parameters,svm_test.R,Dry_Clover_g,interactive,inherited,interactive,10^0.32846820,,10^-0.5618368001,,1000 random holdouts of291/357 rows; inherited kernel/PCA/scale; clips components.
random_holdout_linear_parameters,svm_test.R,Dry_Green_g,interactive,inherited,interactive,10^-0.43731582,,10^-5.495965e-01,,1000 random holdouts of291/357 rows; inherited kernel/PCA/scale; clips components.
random_holdout_linear_parameters,svm_test.R,Dry_Dead_g,interactive,inherited,interactive,10^-0.50727900,,10^-4.817412e-01,,1000 random holdouts of291/357 rows; inherited kernel/PCA/scale; clips components.
random_holdout_rbf_parameters,svm_test_idxparam.R,Dry_Clover_g,interactive,inherited,interactive,10^1.7135250,10^-1.72096355,10^-1.23368886,,1000 random holdouts of291/357 rows; inherited kernel/PCA/scale; clips components.
random_holdout_rbf_parameters,svm_test_idxparam.R,Dry_Green_g,interactive,inherited,interactive,10^2.9791147,10^-4.17525901,10^-1.033984295,,1000 random holdouts of291/357 rows; inherited kernel/PCA/scale; clips components.
random_holdout_rbf_parameters,svm_test_idxparam.R,Dry_Dead_g,interactive,inherited,interactive,10^0.691165790,10^-1.90763387,10^-0.79995817,,1000 random holdouts of291/357 rows; inherited kernel/PCA/scale; clips components.
